Title,Price,Rating,Review,Label
24K Gold Serum - 20ml,"Sale price
₹695",4.66,(4904),"🔥BESTSELLER
🔥ON SALE"
Alpha Arbutin & Vitamin C Brightening Serum,"Sale price
₹695",4.44,(5529),"🔥BESTSELLER
🔥ON SALE"
Red Vine Face Serum for Anti-Ageing!,"Sale price
₹600",4.82,(152),"🔥BESTSELLER
🔥ON SALE"
Niacinamide & Alpha Arbutin SKIN CLARIFYING SERUM,"Sale price
₹695",4.6,(325),"🔥BESTSELLER
🔥ON SALE"
Alpha Arbutin & Vitamin C Brightening Serum for Men,"Sale price
₹695",4.53,(49),"BESTSELLER
🔥ON SALE"
Squalane Glow Crème Serum,"Sale price
₹650",4.92,(180),🔥ON SALE
Swiss Aqua Rush™ 12 HA Serum,"Sale price
₹795",4.97,(36),🔥ON SALE
10% Vitamin C Face Serum For Daily Brightness,"Sale price
₹545",4.85,(130),"📢NEW LAUNCH
🔥ON SALE"
Dream Matte Serum Foundation,"Sale price
₹695",4.79,(127),🔥ON SALE
10% Niacinamide Face Serum For Acne Marks,"Sale price
₹595",4.64,(36),"📢NEW LAUNCH
🔥ON SALE"
3% Redensyl & 4% Anagain Advanced Hair Growth Serum - 30ml,"Sale price
₹545",4.75,(71),"🔥BESTSELLER
🔥ON SALE"
15% Vitamin C Face Serum For Advanced Brightness (20 ml),"Sale price
₹545",4.64,(25),"📢NEW LAUNCH
🔥ON SALE"
2% Kojic Acid Serum,"Sale price
₹495",4.67,(21),🔥ON SALE
3% Redensyl + 4% Anagain Hair Growth Serum for Men,"Sale price
From ₹545",4.77,(151),"🔥BESTSELLER
🔥ON SALE"
Patuá & Hyaluronic Acid Smoothening Hair Serum,"Sale price
₹545",4.83,(202),🔥ON SALE
3% Redensyl + 4% Anagain Hair Growth Serum,"Sale price
From ₹895",4.74,(7487),"🔥BESTSELLER
🔥ON SALE"
Australian Tea Tree Anti-Dandruff Scalp Serum,"Sale price
₹595",4.4,(10),"📢NEW LAUNCH
🔥ON SALE"
3% Redensyl & 4% Anagain Advanced Hair Growth Serum 100 ml,"Sale price
₹1,595",4.8,(50),"📢NEW LAUNCH
🔥ON SALE"
Salicylic & Glycolic Acid ANTI-ACNE SERUM,"Sale price
₹650",4.38,(1672),"🔥BESTSELLER
🔥ON SALE"
Retinol & Hyaluronic Acid LIFT & FIRM SERUM,"Sale price
₹650",4.51,(223),"🔥BESTSELLER
🔥ON SALE"
Squalane Roll-On Under Eye Serum,"Sale price
₹400",4.94,(214),🔥ON SALE
10% Vitamin C Face Serum For Daily Brightness for Men,"Sale price
₹545",4.67,(9),"📢NEW LAUNCH
🔥ON SALE"
Salicylic Acid & Niacinamide Oil Control Serum,"Sale price
₹495",4.87,(134),🔥ON SALE
2% Hyaluronic Acid Hydration Super Serum,"Sale price
₹545",4.94,(259),🔥ON SALE
Squalane Bubblegum Lip Serum,"Sale price
₹300",4.77,(5223),"🔥BESTSELLER
🔥ON SALE"
Patuá Anti-Grey Hair Serum,"Sale price
₹750",4.83,(23),🔥ON SALE
Vitamin C Night Serum (Oil-based) with Hyaluronic Acid & White Lotus,"Sale price
₹550",4.62,(265),"🔥BESTSELLER
🔥ON SALE"
VITAMIN C BODY SERUM LOTION Kakadu Plum & Lime Pearl™,"Sale price
₹400",4.86,(37),🔥ON SALE
Pilgrim Argan Oil Hair Serum with Camellia & White Lotus,"Sale price
₹500",4.59,(129),🔥ON SALE
White Lotus Sunscreen Serum SPF 50 PA+++,"Sale price
₹450",4.72,(1610),"🔥BESTSELLER
🔥ON SALE"
Australian Tea Tree Anti-Dandruff Scalp Serum for Men,"Sale price
₹595",4.67,(6),"📢NEW LAUNCH
🔥ON SALE"
3% Redensyl & 4% Anagain ADVANCED HAIR GROWTH SERUM For Dandruff-Prone Scalp - 30 ml,"Sale price
₹595",4.75,(12),"📢NEW LAUNCH
🔥ON SALE"
Squalane Peppermint Lip Serum,"Sale price
₹300",4.89,(19),🔥ON SALE
RootActive™ Anti-Hairfall Serum With Spanish Rosemary - 30 ml,"Sale price
₹495",4.8,(10),"📢NEW LAUNCH
🔥ON SALE"
20% Vitamin C Serum (DIY Formula),"Sale price
₹800",4.84,(19),🔥ON SALE
White Lotus Sunscreen Serum,"Sale price
From ₹400",4.67,(88),🔥ON SALE
Natural Vitamin C Serum (20%) with Hyaluronic Acid & Kakadu Plum,"Sale price
₹1,000",4.67,(184),🔥ON SALE
Patuá Anti-Grey Hair Serum for Men,"Sale price
₹750",4.67,(9),🔥ON SALE
Day/Night Combo - White Lotus Day Cream SPF50 + Vitamin C Night Serum,"Sale price
₹1,050",4.46,(63),🔥ON SALE
24K Gold Facial Kit For Golden Glow,"Sale price
₹595",4.9,(20),🔥ON SALE
Australian Tea Tree Non-Drying Anti-Dandruff Shampoo,"Sale price
₹395",4.77,(218),"📢NEW LAUNCH
🔥ON SALE"
Advanced Anti-Acne Kit,"Sale price
₹1,335
Regular price
₹1,650
(19% OFF)",4.8,(5),🔥ON SALE
Detan & Glow Men Skincare Kit,"Sale price
₹1,215
Regular price
₹1,500
(19% OFF)",5.0,(3),"📢NEW LAUNCH
🔥ON SALE"
Australian Tea Tree Anti-Dandruff Conditioner,"Sale price
₹395",4.64,(33),🔥ON SALE
99% Aloe Vera Gel,"Sale price
₹275",4.72,(141),🔥ON SALE
Korean Beauty Flawless Skin Kit,"Sale price
₹1,700",4.3,(10),🔥ON SALE
Hair Regrowth Kit,"Sale price
₹1,750
Regular price
₹1,945
(10% OFF)",4.5,(12),🔥ON SALE
Anti-Ageing Kit with French Red Vine,"Sale price
₹1,296
Regular price
₹1,600
(19% OFF)",4.44,(9),🔥ON SALE
Marks Removal Kit,"Sale price
₹1,170
Regular price
₹1,300
(10% OFF)",4.67,(9),"📢NEW LAUNCH
🔥ON SALE"
Australian Tea Tree Non-Drying Anti-Dandruff Shampoo for Men,"Sale price
₹395",4.56,(9),"📢NEW LAUNCH
🔥ON SALE"
Australian Tea Tree Anti-Dandruff Hair Mask,"Sale price
₹545",4.71,(14),🔥ON SALE
24K Gold Skincare Kit,"Sale price
₹1,161
Regular price
₹1,290
(10% OFF)",4.67,(3),🔥ON SALE
K-Beauty Day/Night Combo,"Sale price
₹945
Regular price
₹1,050
(10% OFF)",4.71,(7),🔥ON SALE
Pilgrim 24K Gold Luxury Collection,"Sale price
₹2,499",4.43,(7),🔥ON SALE
Pilgrim 24K Gold Collection,"Sale price
₹1,999",5.0,(2),"📢NEW LAUNCH
🔥ON SALE"
Spanish Rosemary Water With Biotin,"Sale price
From ₹225",4.72,(18),"📢NEW LAUNCH
🔥ON SALE"
